random_id,participant_id,n
p029ley7ors,duck,602
p0gpos6fer2,pony,613
p0sesy52jyk,crow,596
p14jyzr33yb,penguin,601
p2crn0y8wt9,butterfly,599
p2jo1g1czp4,goat,599
p2v0sgf8kc5,tiger,599
p3a9huvkgff,beaver,599
p5k9m1nn72b,cub,608
p67178meycy,fawn,600
p6ozzr1l1ae,goldfish,601
p73wkcfz2he,chipmunk,605
p779mtkkc8e,lion,599
p77ajsd1e7b,sloth,600
p7cnb6zr35o,deer,610
p8z92qoj9lb,wombat,602
p9sxkqehu53,seal,600
palnf0oc4bk,frog,602
pavq7aldb2h,swan,604
pbbwr9grh39,owl,604
pbx0k7tcknd,rabbit,598
pcn1qclhe2q,whale,599
pcna7jbbrm1,jaguar,597
pcwgh3t3yun,sheep,600
pdy4e35zwve,raccoon,602
pe89s44vjqc,lynx,612
pf2o7ts5vo3,hsdhfasdhf,37
pfqd42ytrg1,koala,631
phd2q174mrb,otter,599
pjncyuchwyw,bear,607
pk3tgkdyj0l,hamster,630
pkyxjwqemja,squirrel,601
plc4bygcdm2,turtle,602
plcdv8a6cvg,wallaby,597
plf5heatu3h,dolphin,595
plrh74srghb,giraffe,604
pmqm7vvwft3,calf,602
pn610o2haoo,lamb,600
pnhdt2tuz7x,hedgehog,607
pp192hp13fk,meerkat,599
ppv40bvmw5g,zebra,602
pq7agk28pj0,fox,613
ps8v2vjxx8m,gazelle,611
pthnjujnbhs,cheetah,608
ptnbsmbthc1,lemur,605
pu80q41x21s,parrot,602
pukxay7l5kt,3332,637
pvpyrj5eljp,goose,612
pw3kspfy577,nonononono,647
px9xc60fkvg,badger,596
pxo1smhpr3j,gecko,595
py3n2o6n887,ladybug,598
